Segment,Overall,,,,
,,,,,
ID,2017,2018,2019,2020,2021
Client 1,,,376.69,,
Client 10,,,2170,224.22,6640.01
Client 100,,,,,19714.27
Client 1000,,,,,1936.35
Client 1001,,,,,7166.98
Client 1002,,,,,16132.71
Client 1003,,,,1653.03,
Client 1004,,566.4,14813.47,20332.52,56481.98
Client 1005,,,,,103628.29
Client 1006,,,,2086.32,
Client 1007,,,,627.42,
Client 1008,,,,,139.57
Client 1009,,,,640.51,352.31
Client 101,,,,,987.12
Client 1010,,,,,4901.08
Client 1011,,16995.8,4486.92,,
Client 1012,,,118.74,2774.26,4646.54
Client 1013,,201.01,,,
Client 1014,,,,40352.74,
Client 1015,,21.23,,,
Client 1016,,,,,6125.28
Client 1017,,,,,295663.72
Client 1018,,,3206.23,,
Client 1019,,,267.17,,2169.18
Client 102,,,,,143.69
Client 1020,,,,,1007.52
Client 1021,,,,3249.09,
Client 1022,,,266.5,,
Client 1023,,,,,41014.37
Client 1024,,,,,2541.06
Client 1025,,,3406.98,,
Client 1026,,,,,5528.54
Client 1027,,,,69.99,
Client 1028,,,,,13161.07
Client 1029,,,2470.74,,
Client 103,,,10234.47,7906.5,2511.91
Client 1030,,14344.85,13508.7,3544.43,382.51
Client 1031,,,,,3793.59
Client 1032,,,,109804.63,331.83
Client 1033,,,,,831.91
Client 1034,,,,,318.16
Client 1035,,,,4238.82,
Client 1036,,,,1181.77,
Client 1037,,,,,357.35
Client 1038,,,,,4299.81
Client 1039,,,,419.59,1479.19
Client 104,,,,,2355.37
Client 1040,,,16196.04,,4976.89
Client 1041,,,,,3734.89
Client 1042,,,,2928.69,
Client 1043,,,,160.14,160.97
Client 1044,,,,,107.94
Client 1045,,,,,14520.62
Client 1046,,,,,3605.62
Client 1047,,,,49356.79,983.41
Client 1048,,,,,833.22
Client 1049,,,8058.68,,
Client 105,,,,,1307.68
Client 1050,,2030.06,,,
Client 1051,,,,,2135.36
Client 1052,,,,,196.9
Client 1053,,,,,5954.18
Client 1054,,,,6664.29,
Client 1055,,4622.14,14224.1,8845.79,50.66
Client 1056,,,,,3195.93
Client 1057,,,,2798.75,
Client 1058,,,273.89,,
Client 1059,,,,50.77,
Client 106,,,3969.88,,4836.22
Client 1060,,1290.69,,,
Client 1061,,,5278.22,1321.51,
Client 1062,,,,,3157.4
Client 1063,,,2621.2,,
Client 1064,,,18323.84,31407.66,214542.78
Client 1065,,,,,431.07
Client 1066,,,,,11053.84
Client 1067,,,,231.3,
Client 1068,,,,,7536.45
Client 1069,,,,,58.86
Client 107,,,,959.75,
Client 1070,,,2783.95,,
Client 1071,,,,2379.95,1937.84
Client 1072,,,,5995.71,517.15
Client 1073,,,1345.56,,
Client 1074,,,,,3603.53
Client 1075,,895.18,,,
Client 1076,,,,,237.58
Client 1077,,,,,9872.13
Client 1078,1153.5,7267.37,8731.56,,10682.32
Client 1079,,,,,9926.84
Client 108,,,,,403.34
Client 1080,,6746.5,,,
Client 1081,,,47.58,,
Client 1082,,,,,5840.64
Client 1083,,,,,3342.93
Client 1084,,,,,286.58
Client 1085,,,,,819.85
Client 1086,,,,,3161.85
Client 1087,,,,25866.58,
Client 1088,,,,1808.76,12519.61
Client 1089,,,,,454.07
Client 109,,,,7637.15,212.96
Client 1090,,,,14736.88,11291.13
Client 1091,,,,,6702.03
Client 1092,,,,4118.87,2925.74
Client 1093,,,,,8420
Client 1094,,,,,424.76
Client 1095,,,19139.85,10895.91,5667.87
Client 1096,,,,,932.1
Client 1097,,,,,6342.09
Client 1098,,,,,16936.42
Client 1099,,,,,1438.42
Client 11,,,,,698.18
Client 110,,1220.84,,28074.39,2772.21
Client 1100,,,2974.71,,
Client 1101,,,,1263.7,
Client 1102,,,,,2906.33
Client 1103,,,,50000,
Client 1104,,,,300.7,
Client 1105,,,,,1468.81
Client 1106,,,,,4825.12
Client 1107,,,,,18138.23
Client 1108,,,,,83.64
Client 1109,,,5162.88,,
Client 111,,,,,5958.77
Client 1110,,,37.01,,
Client 1111,,,,,5413.36
Client 1112,,,,152,
Client 1113,,,1263.53,,
Client 1114,,,,154.89,
Client 1115,,,,,43286.59
Client 1116,,1576.46,,,
Client 1117,,,3397.25,4841.13,2050.66
Client 1118,,449.97,,,
Client 1119,,,,,406.28
Client 112,,,,,3037.67
Client 1120,,,,639.92,
Client 1121,,,,,336.13
Client 1122,,,,2802.92,7540.65
Client 1123,,,,463.3,
Client 1124,,,,,475.93
Client 1125,,,,,5855.6
Client 1126,,,4201.24,,74454.69
Client 1127,,,,,583.93
Client 1128,,4953.4,2915.31,,
Client 1129,,,,,793.69
Client 113,,,,,755.58
Client 1130,287,,,,34556.02
Client 1131,,,1972.69,,
Client 1132,,,,,10200.45
Client 1133,,13031,2442.82,,18795.62
Client 1134,,,,,11178.23
Client 1135,,675.04,228.41,4009.24,
Client 1136,,,,,13994.46
Client 1137,,,,11973.12,
Client 1138,,,,,48.53
Client 1139,,,,,197.43
Client 114,,,,,856.82
Client 1140,,,,,6006.16
Client 1141,,,173.02,166.81,4122.34
Client 1142,,,,,2981.22
Client 1143,,,,,19.75
Client 1144,,,,18885.17,1492.2
Client 1145,,,29973.74,4511.85,
Client 1146,,,,2643.84,
Client 1147,,,15479.16,5422.75,978.33
Client 1148,,7418.57,,,
Client 1149,,,,,2534.38
Client 115,,,,6591.62,8664.79
Client 1150,,,,14097.71,14827.21
Client 1151,,,,,6372.64
Client 1152,,,,,34.95
Client 1153,,,,,5125.03
Client 1154,,,,,2732.79
Client 1155,,,,,76594.52
Client 1156,,,,5762.35,510.89
Client 1157,,,3045.42,,
Client 1158,,,279.66,,
Client 1159,,,,1625.83,
Client 116,2267.22,173.51,1700.1,5649.8,15140.21
Client 1160,,,13885,12135.02,11024.05
Client 1161,,,1209.67,991,
Client 1162,,,,4696.49,40165.48
Client 1163,,,,,1659.66
Client 1164,,,,9900.26,
Client 1165,,,,,177132.83
Client 1166,,,,4606.37,
Client 1167,,,237.08,,
Client 1168,,,,,10960.63
Client 1169,,,,,2850.66
Client 117,,,,,609.54
Client 1170,,,,,939.97
Client 1171,,2143.87,44977.3,9025.4,
Client 1172,,,,,127.12
Client 1173,,,,1178.37,
Client 1174,,,,,25847.16
Client 1175,,,,,20880.03
Client 1176,,,2162.61,,
Client 1177,,,,1047.51,615.83
Client 1178,,,,,48281.32
Client 1179,,,92.36,3769.2,5977.44
Client 118,,,6529.97,3007.64,8383.17
Client 1180,,,,587.85,
Client 1181,,,,,21231.33
Client 1182,,,,1917.04,
Client 1183,,,3248.08,,3165.69
Client 1184,,,8788.33,7724.6,
Client 1185,,,25144.55,79050.39,820.82
Client 1186,,,,1129.13,
Client 1187,,3947.13,,,
Client 1188,,,,,93.89
Client 1189,,,,532.57,1497.37
Client 119,,,,1723.73,77.41
Client 1190,,,,3879.32,198.3
Client 1191,,,1272.79,1375.22,
Client 1192,,,,2795.1,
Client 1193,,,6204.92,23135.99,5462.24
Client 1194,,,163.22,,
Client 1195,,,,,13703.14
Client 1196,,,,,605.63
Client 1197,,,,,8632.26
Client 1198,,,,,3081.84
Client 1199,,,3156.3,10095.72,15129.7
Client 12,,,,,8139.72
Client 120,,,,,59.27
Client 1200,,,,,5895.1
Client 1201,,,,,1044.57
Client 1202,,,,,242.14
Client 1203,,,,10309.72,
Client 1204,,,4443.76,,280.15
Client 1205,,,,,583.12
Client 1206,,,,,20000.33
Client 1207,,,495.5,,
Client 1208,,,,,44142.26
Client 1209,,,,,5418.56
Client 121,,,,,571.3
Client 1210,,,,1169.71,817.55
Client 1211,,,2368.47,,
Client 1212,,,,,4694.27
Client 1213,,,12593.24,41459.45,5157.11
Client 1214,,,,,414.83
Client 1215,,,3687.7,,
Client 1216,,,,,4719.83
Client 1217,,,,,35326.71
Client 1218,,,,308.98,
Client 1219,,,,,2810.45
Client 122,,,,1361.02,
Client 1220,,,358.28,,
Client 1221,,,,,24411.81
Client 1222,,,,,121266.9
Client 1223,,1589.44,5105.78,,
Client 1224,,,,,7566.93
Client 1225,,,3128.51,,
Client 1226,,,,,8193.36
Client 1227,,,,,64.88
Client 1228,,,,,9197.67
Client 1229,,,,9005.29,
Client 123,,,,,184.64
Client 1230,,,,,29308.05
Client 1231,,,,,3090.19
Client 1232,,,,,1554.01
Client 1233,,,,6238.66,40401.04
Client 1234,,,,,387.7
Client 1235,,,,1653.08,
Client 1236,,,10778.18,,97.45
Client 1237,,,,,3736.35
Client 1238,,,,915.83,
Client 1239,,,235.66,,
Client 124,,,,2941.92,
Client 1240,,673.05,,,
Client 1241,,,,,104729.79
Client 1242,,,,240.99,
Client 1243,,,,,656.61
Client 1244,,,,,2183.91
Client 1245,,,,2012.35,
Client 1246,,,,,1415.73
Client 1247,,,,1357.64,8522.77
Client 1248,,,,,5912.14
Client 1249,,3557.85,309.54,,
Client 125,,,,,3813.41
Client 1250,,,,312.86,
Client 1251,,,,,23395.63
Client 1252,,,,,7640.5
Client 1253,,,,,5060.85
Client 1254,,,,,1536.92
Client 1255,,,,,154.68
Client 1256,,2818.31,3204.13,,
Client 1257,,,11407.48,17610.81,105.9
Client 1258,,,,,3146.83
Client 1259,,,2861.55,325.4,3077.48
Client 126,,8677.55,171638.02,41480,
Client 1260,,,19251.58,,
Client 1261,,,,621.88,
Client 1262,,,,,166.88
Client 1263,,,,2119.03,1875.36
Client 1264,1929.44,1230.41,,,3017.87
Client 1265,,,,22659.99,32957.96
Client 1266,,,11527.95,33652.65,13535.89
Client 1267,,,,,50234.37
Client 1268,,,,,22638.14
Client 1269,,,,,3274.36
Client 127,,,,58.7,
Client 1270,,,2265.64,,249.77
Client 1271,,,,4947.51,113.34
Client 1272,,,,,3317.93
Client 1273,,2501.79,,28031.94,7226.52
Client 1274,,,111.31,,
Client 1275,,2795.95,,,
Client 1276,,,,14732.03,
Client 1277,,,1921.8,,492.44
Client 1278,,,,,3170.04
Client 1279,,,,9435.14,82657.32
Client 128,,14958.22,4982.74,7652.93,4207.49
Client 1280,,,,,9259.78
Client 1281,,2307.38,,,
Client 1282,,,,241.13,
Client 1283,,,549.28,,
Client 1284,,,243.38,,
Client 1285,,,,,44080.52
Client 1286,,,,,1135.16
Client 1287,,,,7366.95,20497.74
Client 1288,,,,3647.11,
Client 1289,,,6085.95,5945.66,
Client 129,,2741.84,12861.39,4228.73,10696.48
Client 1290,,,,,46670.94
Client 1291,,,,,336583.34
Client 1292,,,,6134.61,11058.29
Client 1293,,,1693.84,,
Client 1294,,,268.25,5377.59,149.01
Client 1295,,,,,15322.63
Client 1296,,,,,872.5
Client 1297,,,,,468.71
Client 1298,,,19844.08,,5242.26
Client 1299,,,,2317.92,
Client 13,,,7012.12,,
Client 130,,9027.32,23984.65,2885.14,
Client 1300,,,,142.85,
Client 1301,,,,4625.1,
Client 1302,,,,,2605.74
Client 1303,,,,7472.91,
Client 1304,,,,13958.8,2073.65
Client 1305,,,304.07,,
Client 1306,,,,53360.51,16410.58
Client 1307,,,,235.03,20.65
Client 1308,,4676.15,17560.41,7719.69,3380.53
Client 1309,,,,,2022.87
Client 131,,,,3443.59,6892.05
Client 1310,82.03,,,,
Client 1311,,,,,2416.1
Client 1312,,5103.56,33720.93,64065.8,3268.93
Client 1313,,,,4985.35,
Client 1314,,,686.02,1443.87,62175.05
Client 1315,,,,18592.43,90734.29
Client 1316,,,,,855.85
Client 1317,,,,,33433.58
Client 1318,,,6474.19,8366.88,11444.2
Client 1319,,,7291.79,3345.27,5465.77
Client 132,,,,24536.89,16172.41
Client 1320,,,,,2534.86
Client 1321,,,,,188819.48
Client 1322,,,,,95960.75
Client 1323,,,,,788.05
Client 1324,,1288.35,,,
Client 1325,,,,144.56,
Client 1326,,,,11889.58,
Client 1327,,,3352.32,,
Client 1328,,,,1093.86,
Client 1329,,172.94,,,
Client 133,,,285.88,1310.92,
Client 1330,,,14186.12,33627.23,10876.93
Client 1331,,,,20057.02,
Client 1332,,,,,984.67
Client 1333,,,1565.69,,
Client 1334,,,,,5131.19
Client 1335,,,,,2673.39
Client 1336,,,,1847.48,
Client 1337,,,,,45141.13
Client 1338,,,3591.13,1473.39,
Client 1339,,,,,4055.09
Client 134,,,,20510.98,3629.77
Client 1340,,,,,24137.79
Client 1341,,,,,5254.07
Client 1342,716.59,9601.9,15331.44,15408.67,11644.78
Client 1343,,558.63,,,
Client 1344,,,2098.63,,
Client 1345,,,8516.03,,2289.64
Client 1346,,,,,1342.18
Client 1347,,,,,5776.66
Client 1348,,,48619.4,,
Client 1349,,,,,1778.11
Client 135,,3833.86,,,
Client 1350,,,,,6053.35
Client 1351,,,,2253.46,
Client 1352,,,330.98,301.65,
Client 1353,,,1389.46,,
Client 1354,,,,2431.4,476.55
Client 1355,,,,,27839.79
Client 1356,,,,,8318.51
Client 1357,,,,,1838.75
Client 1358,,,,2030.78,
Client 1359,,,,,10092.11
Client 136,,,,1922.13,
Client 1360,,,766.24,10079.17,80.41
Client 1361,,,,,1380.4
Client 1362,,7037.02,,,4068.95
Client 1363,,,,,21026.2
Client 1364,,,1321.7,,
Client 1365,,3298.46,224.78,7004.52,21221.55
Client 1366,,,,,1921.9
Client 1367,,,,169171.48,76008.7
Client 1368,,,,,2227.15
Client 1369,,,,1837.84,1722.25
Client 137,,2487.77,,,
Client 1370,,,,94.83,
Client 1371,,,,,11094.48
Client 1372,,,,11973.18,
Client 1373,,,,,198.53
Client 1374,,,,,6590.37
Client 1375,,,,83.61,
Client 1376,,,,,7874
Client 1377,,,7331.37,5434.53,
Client 1378,,,6505.7,,
Client 1379,,,922.53,,
Client 138,,,,339.19,
Client 1380,,,,,2571.9
Client 1381,,,,,906.52
Client 1382,,,,1304.72,
Client 1383,,,,,10191.66
Client 1384,,,,176.91,
Client 1385,,,,,2947.65
Client 1386,,,,,1127.94
Client 1387,,,162.01,8323.21,
Client 1388,,,,697.24,
Client 1389,,,180.32,,
Client 139,,,,,212.45
Client 1390,,3046.98,,,2669.52
Client 1391,,,,,584.12
Client 1392,,,10111.79,9453.62,9315.51
Client 1393,,,,,66.22
Client 1394,,,,,18135.24
Client 1395,,,,,10570
Client 1396,,,,4550.58,1676.16
Client 1397,,,,,3547.38
Client 1398,,,,,743.85
Client 1399,,211.53,172.25,526.07,
Client 14,,,3927.47,,
Client 140,,,,412.97,200.9
Client 1400,,,,,1498.14
Client 1401,,,,,3535.23
Client 1402,,,2362.58,898.12,
Client 1403,,,4452.09,,
Client 1404,,,,,1870.61
Client 1405,,,5362.29,,
Client 1406,,,,,528.77
Client 1407,,,,,2724.97
Client 1408,,,2176.79,72.11,
Client 1409,,,,,3509.86
Client 141,,,,27432.02,4464.84
Client 1410,,,,2459.01,
Client 1411,,,,,11547.35
Client 1412,,,4639.69,,
Client 1413,,,6126.9,7044.27,10771.06
Client 1414,,,,1766.08,
Client 1415,,,,214.77,64.68
Client 1416,,,842.65,3197.1,3735.23
Client 1417,,,,,39237.54
Client 1418,,,,,76.47
Client 1419,,,2044.73,233.48,4306.69
Client 142,1895.76,,,,
Client 1420,,,1434.08,,576.16
Client 1421,,,,10406.14,
Client 1422,,,,,4294.4
Client 1423,,,,16524.54,
Client 1424,,,,,1640.57
Client 1425,,1093.25,18392.07,1479.76,
Client 1426,,,,,5135.35
Client 1427,,,,,4364.53
Client 1428,,,,4119.68,
Client 1429,,,,3231.56,
Client 143,,2026.77,,,
Client 1430,,,445.18,,
Client 1431,,,,,2155.82
Client 1432,,,4878.15,,
Client 1433,,558.49,,,27.43
Client 1434,34288.81,20565.67,38892.7,,
Client 1435,,,3863.72,,
Client 1436,,2711.6,,50.4,1391.27
Client 1437,,,,4719.48,3306.02
Client 1438,,632.63,,,
Client 1439,,,,35252.62,47302.57
Client 144,,,,,2902.73
Client 1440,,,,2249.58,56885.58
Client 1441,,,375.92,,
Client 1442,,,,,27249.59
Client 1443,,,1700.85,,
Client 1444,,,,4358.74,
Client 1445,,,,,138.56
Client 1446,,,,,3532.75
Client 1447,,,,1005.44,
Client 1448,,,,,237.04
Client 1449,,,,,320.68
Client 145,,,,299.89,
Client 1450,,,,,246.98
Client 1451,,,,24542.07,311.24
Client 1452,,,,867.78,
Client 1453,,,3349.5,,
Client 1454,,,,,17935.78
Client 1455,,,5740.92,13134.31,24579.33
Client 1456,,,,,4838.9
Client 1457,,,,40.97,1859.59
Client 1458,,,,,10065.09
Client 1459,,,,,1334.09
Client 146,,,1084.37,,
Client 1460,,,662.54,,5784.95
Client 1461,,,,,780.94
Client 1462,,,2010.37,566.01,
Client 1463,,,230.15,,431.7
Client 1464,,,,3252.61,
Client 1465,,,,,278253.84
Client 1466,,,,,1210.67
Client 1467,,,,,7667.59
Client 1468,,,,,44159.68
Client 1469,,,333.71,,
Client 147,,,,,5452.95
Client 1470,,,191.81,,
Client 1471,,1560.6,,1300.1,
Client 1472,,,8576.94,,
Client 1473,,,,3206.21,306.61
Client 1474,,,,,695.51
Client 1475,,,,2687.7,1426.65
Client 1476,,,283.54,,
Client 1477,,,212.96,,
Client 1478,,,,,2622.78
Client 1479,,2369.6,,,
Client 148,,,821.65,,
Client 1480,,,,89869.74,
Client 1481,,,,,4701.85
Client 1482,,,,,47673.49
Client 1483,,,,,29413.67
Client 1484,,,,,37884.47
Client 1485,,222.66,,,
Client 1486,,,7579.25,10818.25,
Client 1487,,921.6,1121.88,,2335.01
Client 1488,,,169.03,,
Client 1489,,,28889.42,879.38,
Client 149,,,12498.29,11397.27,
Client 1490,,,,,715.99
Client 1491,,588.91,6341.56,2494.77,
Client 1492,,,,167.66,
Client 1493,,454.13,22719.19,17942.01,27077.91
Client 1494,,,,,4896.77
Client 1495,,,,873.15,
Client 1496,,,,,2036.39
Client 1497,,,,,13671.4
Client 1498,,,3006.55,2084.07,
Client 1499,,,,436.78,
Client 15,,,,725.52,
Client 150,,,6044.21,,779.18
Client 1500,,,,411.74,22844.92
Client 1501,,310.05,29227.95,23271.16,11014.3
Client 1502,,2291.24,3834.93,,
Client 1503,,286.99,,,
Client 1504,,,,,82697.23
Client 1505,,,10709.33,30716.66,6429.14
Client 1506,,,2527.06,,
Client 1507,813.25,,,6640.27,3607.85
Client 1508,,,,,679.08
Client 1509,278.38,,,,
Client 151,,,6252.44,1114.82,19978.41
Client 1510,,,,,6321.83
Client 1511,,,,,2619.25
Client 1512,,,,,242.81
Client 1513,,,,,125.8
Client 1514,,,,3686.3,
Client 1515,,,2780.08,14346.86,898.51
Client 1516,,,,9717.45,4883.79
Client 1517,,,18213.72,75656.71,
Client 1518,1455.31,3537.44,335.89,,1841.45
Client 1519,,,,,312.62
Client 152,,,,4835.71,11226.37
Client 1520,,,,,14168.45
Client 1521,,,,,1705.22
Client 1522,,,4624.99,,
Client 1523,,,,49008.98,125430.4
Client 1524,,,152.04,,
Client 1525,,,,2600.06,4651.58
Client 1526,,,,,1578.32
Client 1527,,1386.99,449.72,,
Client 1528,,,,3979.93,9451.91
Client 1529,,,,17403.07,389.5
Client 153,,,,,167.35
Client 1530,,,,7029.12,19100.94
Client 1531,,,,692.34,
Client 1532,,726.12,,,
Client 1533,,,,,292207.5
Client 1534,,,,,351.29
Client 1535,,,,,2726.94
Client 1536,,,281.83,18756.84,
Client 1537,,,,2113.4,
Client 1538,,,4560.04,,1699
Client 1539,,,191.31,,
Client 154,,,,,1588.59
Client 1540,,,6468.75,,
Client 1541,,,,3752.28,7323.61
Client 1542,,,,,4217.32
Client 1543,,,71.51,,
Client 1544,,10280.44,,7071.88,
Client 1545,,,,,15350.02
Client 1546,,,,520.86,
Client 1547,,,,116.79,
Client 1548,,1128.71,898.9,2366.68,
Client 1549,,,84.07,,
Client 155,,,,,118.94
Client 1550,,5769.98,8798.32,4995.48,8123.15
Client 1551,,,,,8756.04
Client 1552,,,,3742.58,
Client 1553,,20609.08,,,
Client 1554,,,,,6956.97
Client 1555,,967.95,605.51,,
Client 1556,,,3274.7,21098.71,
Client 1557,49731.513,53876.738,46097.41,1325.62,831.84
Client 1558,,,,,1819.79
Client 1559,,,,,203.56
Client 156,,,,240.8,
Client 1560,,,14103.05,7890.07,13812.16
Client 1561,,,,6138.2,
Client 1562,,,,,2207.56
Client 1563,,,,,190.3
Client 1564,,,,2673.61,
Client 1565,,,,654.02,
Client 1566,,,,,3658.59
Client 1567,,,,1883.99,
Client 1568,,,1597.34,6694.58,
Client 1569,,,,14898.76,12905.22
Client 157,,,,,35.84
Client 1570,,,,,1336.73
Client 1571,,143.16,599.26,8825.2,11481.61
Client 1572,,,,,15192.72
Client 1573,,,,,678.11
Client 1574,4595.35,,,,
Client 1575,,,,,42.11
Client 1576,,,,,276.17
Client 1577,,,,,296.15
Client 1578,,,11661.17,,5021.32
Client 1579,,,,,208.5
Client 158,,,,170.6,
Client 1580,,12848.61,,,
Client 1581,,,,155.12,2134.58
Client 1582,,,225.51,,
Client 1583,,,,,1914.07
Client 1584,,,,,3123.09
Client 1585,,,,10047.29,25312.78
Client 1586,,,,5828.43,
Client 1587,,,,1259.36,
Client 1588,,,,2658.14,1014.4
Client 1589,,,,3544.27,14983.38
Client 159,,711.19,1910.31,,
Client 1590,,,22661.91,3611.45,13810.22
Client 1591,,,,18083.66,10600.56
Client 1592,,,,,232466.41
Client 1593,,37362.49,11566.62,18401.88,31956.51
Client 1594,,,,,3214.96
Client 1595,,,,7891.67,
Client 1596,,,,,5987.56
Client 1597,,,,1669.9,
Client 1598,,,,2499.21,
Client 1599,,,,9547.66,3351.89
Client 16,,,,,2382.37
Client 160,,,240.58,,
Client 1600,,,,3118.73,14839.08
Client 1601,,,,,2479.01
Client 1602,,,,,1020.84
Client 1603,,,,2058.47,39454.05
Client 1604,,2057,,,
Client 1605,,,,,228209.78
Client 1606,,,,,184.64
Client 1607,,,,,2268.71
Client 1608,,,1257.48,,
Client 1609,,,,,1233.96
Client 161,,,,,626.34
Client 1610,,,,,2227.51
Client 1611,,,,,4815.97
Client 1612,,,,,713.47
Client 1613,,,,6619.7,
Client 1614,,,,,249.76
Client 1615,,,,,478.11
Client 1616,,,,28482.5,38470.46
Client 1617,,,,21019.6,27677.56
Client 1618,,,,3632.69,
Client 1619,,,,,3438.41
Client 162,,,,,1769.06
Client 1620,,,922.01,3856.68,1510.9
Client 1621,,,,,13415.35
Client 1622,,,897.77,,
Client 1623,,1949.11,10550.04,1216.23,
Client 1624,,,,,4211.04
Client 1625,,6184.42,,,
Client 1626,,,,2497.76,
Client 1627,,,,393.73,378.95
Client 1628,,8857.3,8545.07,,
Client 1629,,,,195.67,325.44
Client 163,,,58.78,,
Client 1630,,,,95.48,
Client 1631,,,,,1586.69
Client 1632,,,,,3216
Client 1633,,,,825.33,
Client 1634,,,,,1034.81
Client 1635,,,,,4601.86
Client 1636,,,,,638.04
Client 1637,,,3560.42,,
Client 1638,,,,2233.52,
Client 1639,,,,,43121.09
Client 164,,,,,18904.79
Client 1640,,,,236.7,
Client 1641,,1216.01,7153.34,,
Client 1642,,,,8090.06,
Client 1643,,,,2877.29,
Client 1644,,,,,5521.77
Client 1645,,146.07,59.46,,
Client 1646,,5471.55,21884.98,13767.7,32728.03
Client 1647,,,65.69,3109.31,
Client 1648,,,,,264.45
Client 1649,,,,,1066.81
Client 165,,,34675.52,3471.8,
Client 1650,,,,,93316.24
Client 1651,,,,,2876.4
Client 1652,,,,,3135.62
Client 1653,2199.51,239.54,1437.91,,252.21
Client 1654,,,,,29246.45
Client 1655,,,,,1773.8
Client 1656,,,,,12451.39
Client 1657,,,886.04,,
Client 1658,,,,,1770.81
Client 1659,,,9435.47,18193.4,4193.86
Client 166,,,,,3208.48
Client 1660,,7737.48,3188.78,3954.63,52049.86
Client 1661,,,,,236.92
Client 1662,,,,,5273.74
Client 1663,,,,,1348
Client 1664,,,1028.3,,409.94
Client 1665,,,,16066.05,11501.04
Client 1666,,,,5562.84,3242.92
Client 1667,,914.97,,,6038.76
Client 1668,,261.29,,,
Client 1669,,,,,599.8
Client 167,,280.23,4117.12,5983.78,
Client 1670,,,,,179.14
Client 1671,,,,,4522.82
Client 1672,,,,,67198.33
Client 1673,,,,,2535.55
Client 1674,,,,,169.12
Client 1675,,,320.49,4760.4,
Client 1676,,,,,13312.53
Client 1677,,,,182.71,
Client 1678,,1411.71,,,
Client 1679,,2509.05,22985.87,1740.01,5226.16
Client 168,,,,6259.36,1765.93
Client 1680,,,,,4481.26
Client 1681,,,686.02,,
Client 1682,,,1054.68,,
Client 1683,,,,1690.72,
Client 1684,,,,,87.09
Client 1685,,,,,7392.41
Client 1686,,,1054.49,1952.82,
Client 1687,,,4668.13,9301.68,1153
Client 1688,,,,3430.15,2957.34
Client 1689,,,,1017.5,1631.62
Client 169,,,,753.86,
Client 1690,,3521.18,1146.55,,
Client 1691,,,1044.84,,
Client 1692,,,,,1814.06
Client 1693,,,,12623.3,
Client 1694,,,,10035.57,24794.02
Client 1695,,,,,3308.69
Client 1696,,,1752.92,68.83,
Client 1697,,2078.13,19794.03,11147.91,11373.23
Client 1698,,,,,229.19
Client 1699,,,,,664.48
Client 17,,,1188.72,,
Client 170,,,3520.71,3167.48,3838.57
Client 1700,,,,,25883.24
Client 1701,,,,13588.36,7746.66
Client 1702,,,,,4945.17
Client 1703,245.95,98.59,,,
Client 1704,,363.38,4484.86,,
Client 1705,1712.08,,,,
Client 1706,7810.15,6517.11,13727.84,7036.66,17783.31
Client 1707,,,,,17285.21
Client 1708,,3052.02,,,
Client 1709,,,716.36,,
Client 171,10407.058,141094.42,98346.18,36356.86,111166.07
Client 1710,,,,,292.95
Client 1711,2276.53,,,,
Client 1712,,,,,91
Client 1713,,,10044.48,,
Client 1714,,,3504.87,,
Client 1715,,,,,2914.24
Client 1716,,,,,894.02
Client 1717,,,2202.41,,
Client 1718,,,,211.99,
Client 1719,,,,6955.58,
Client 172,,,,1075.65,
Client 1720,,,,,77522.86
Client 1721,,,,,6846.85
Client 1722,378,,,867.29,941.26
Client 1723,,,,4117.53,1138.68
Client 1724,,,176.02,,
Client 1725,,,332.02,,
Client 1726,,,,31496.77,
Client 1727,,,,,2267.96
Client 1728,,,2435.31,,
Client 1729,,,,,6068.96
Client 173,,,,864.93,
Client 1730,,1160.1,38137.35,2925.12,
Client 1731,,,,,3357.53
Client 1732,,,,,5852.71
Client 1733,,,34106.45,11615.97,
Client 1734,,,,64.36,2862.12
Client 1735,,,,2902.13,
Client 1736,,,,4117.63,
Client 1737,,,,,190.58
Client 1738,,,,70.95,
Client 1739,,,,54641.07,40279.05
Client 174,,,,77.75,
Client 1740,,,22990.74,22190.12,2587.71
Client 1741,,1821.27,1287.31,,1066.25
Client 1742,,,,,17878.66
Client 1743,,,,20156.13,758.5
Client 1744,,,1244.3,,4354.36
Client 1745,,,3982.78,,
Client 1746,,,,,105.75
Client 1747,,,,,2288.65
Client 1748,,855.7,,,
Client 1749,,,,,7881.76
Client 175,,,,36483.05,76169.25
Client 1750,,,,8366.42,
Client 1751,,,,34933.14,
Client 1752,,,,,20897.9
Client 1753,,,,618.44,
Client 1754,,,,7894.13,
Client 1755,,,,,49301.12
Client 1756,,,,4562.86,
Client 1757,,,,,36.71
Client 1758,,360.31,,,
Client 1759,,,,,197.23
Client 176,,10405.31,1496.34,8277.22,2760.97
Client 1760,,,,9337.93,
Client 1761,,,,1724.69,952.93
Client 1762,,,,,36.02
Client 1763,,,,,184.64
Client 1764,,,,,728.73
Client 1765,,,,,299.27
Client 1766,,,,,1787.03
Client 1767,,22016.52,8217.81,7195.21,1081.84
Client 1768,,,,,6289.29
Client 1769,,,,,23169.06
Client 177,,,,21038.67,298924.58
Client 1770,,,353.59,,4624.5
Client 1771,,,,7058.46,2788.59
Client 1772,,,,,16953.62
Client 1773,,,,,6496.65
Client 1774,,,,300.12,
Client 1775,,,,11642.17,800.7
Client 1776,,,,1498.48,390.1
Client 1777,,,,,3680.15
Client 1778,,,,,12913.53
Client 1779,,3927.82,120.44,,
Client 178,,,,,5734.91
Client 1780,,,,,2920.85
Client 1781,,,,,20000
Client 1782,,,,,34384.18
Client 1783,,,,,49.7
Client 1784,,,,,7570.53
Client 1785,,129.33,,,
Client 1786,,,43201.57,29772.43,201014.75
Client 1787,,,,9815.38,13600.94
Client 1788,,,,,1027.32
Client 1789,,1607.82,,,
Client 179,,,14241.97,20139.29,11601.78
Client 1790,,,,,9977.22
Client 1791,,3790.16,27844.93,,1741.67
Client 1792,,,,,8721.33
Client 1793,,,,,704.16
Client 1794,,,,10379.81,129208.28
Client 1795,,,7047.78,18884.27,3952.89
Client 1796,,,1240.79,7539.81,
Client 1797,,,1777.28,409.18,691.4
Client 1798,,,,513.37,
Client 1799,,,11007.31,,
Client 18,,,,,1065.88
Client 180,,,,2286.09,841.17
Client 1800,,,,,3924.31
Client 1801,,,,,610.87
Client 1802,,,,46837.48,3693.86
Client 1803,,,,,2702.81
Client 1804,,,3441.16,,
Client 1805,,,,3210.39,
Client 1806,,,6996.82,,
Client 1807,,,,,3327.11
Client 1808,,,,,110235.03
Client 1809,,,,,102639.97
Client 181,,,2413.99,,
Client 1810,,,,,5480.69
Client 1811,,,,,2690.54
Client 1812,,,,,2072.1
Client 1813,,,,1062.77,
Client 1814,,,,,1307.44
Client 1815,,,,43121.67,
Client 1816,,,,,2304.57
Client 1817,,,,,14870.55
Client 1818,,,,490.27,
Client 1819,,,,26518.97,132.33
Client 182,,,,,2914.64
Client 1820,,,,256.6,
Client 1821,,,1532.13,,
Client 1822,,,,,3627.66
Client 1823,,,6061.06,,
Client 1824,,,,,190.28
Client 1825,,,,11308.01,10599.2
Client 1826,,,,,3203.75
Client 1827,,5885.35,3279.15,4150.64,9399.7
Client 1828,,,,526.71,
Client 1829,,,,,1053.03
Client 183,,,387.67,889.51,
Client 1830,,,,,1910.05
Client 1831,,,,10487,143834.62
Client 1832,,,,247.45,
Client 1833,,,,,21958.14
Client 1834,,,,,67841.77
Client 1835,,,,86.55,
Client 1836,,,,3564.25,
Client 1837,127,27589.57,6193.51,83679.55,17753.16
Client 1838,,,,,2553.86
Client 1839,,,1784.29,,
Client 184,,,1432.49,2898.46,
Client 1840,7896.8735,,49688.85,205.23,10073.2
Client 1841,,,49800.69,11370.38,
Client 1842,,23058.49,1667.24,,242.59
Client 1843,,,142497.91,8673.48,
Client 1844,,,,9411.13,58674.18
Client 1845,,,,,1993.25
Client 1846,,,5532.58,7491.76,1202.88
Client 1847,,,1993.96,,
Client 1848,,,273.72,,
Client 1849,,,,41380.15,7226.68
Client 185,,,,,3556.5
Client 1850,,,,2940.88,
Client 1851,,,,,11930.16
Client 1852,,,,,7591.89
Client 1853,,,,461.61,
Client 1854,,,,3500.6,4159.03
Client 1855,,,,353.71,
Client 1856,,,,4043.84,2583.32
Client 1857,,,,,43894.17
Client 1858,,,,,9885.96
Client 1859,,,,6210.9,
Client 186,,6054.37,4208.86,1028.12,4558.33
Client 1860,,,,4728.5,7957.57
Client 1861,,,,,2242.27
Client 1862,,,14484.07,,
Client 1863,,,,,232.38
Client 1864,,,,597.26,982.4
Client 1865,,,,1009.5,
Client 1866,,,,,303239.29
Client 1867,,,621.79,,
Client 1868,,,1682.36,154.8,105.5
Client 1869,,,47.9,,1844.5
Client 187,,686.94,,,
Client 1870,,,261.53,,
Client 1871,,,,5015.17,1038.89
Client 1872,,,,,5758.92
Client 1873,,,,,1376.16
Client 1874,,199.12,255.68,,
Client 1875,,,,,20196.63
Client 1876,,,4068.91,,
Client 1877,417.83,228.58,,,
Client 1878,,,,134.62,
Client 1879,,126.43,,,
Client 188,,,,,55.79
Client 1880,,170.66,54366.32,64654.34,76061.76
Client 1881,,,,,13786.02
Client 1882,,,,,903.29
Client 1883,,,,,2925.97
Client 1884,,,,260.83,
Client 1885,,3215.24,,,
Client 1886,,,,1723.73,7096.04
Client 1887,,,,,132.77
Client 1888,,,,2150.54,
Client 1889,,,,2717.01,
Client 189,,,133.68,,4970.53
Client 1890,,,,,1314.84
Client 1891,,,,,126199.82
Client 1892,,,,,9121.8
Client 1893,,231.48,2373.57,,
Client 1894,,,,,4056.66
Client 1895,,601.58,,,
Client 1896,,,,,21419.36
Client 1897,,,,,85.51
Client 1898,,,1864.68,2515.62,657.65
Client 1899,,,,,454.92
Client 19,,,,20055.64,9510.37
Client 190,,,,1590.63,1456.75
Client 1900,,,,,1413.55
Client 1901,,,,727.32,
Client 1902,,,,2320.06,
Client 1903,,,,3754.55,3578.5
Client 1904,,,,221.64,829.38
Client 1905,,,1554.84,10981.53,5524.88
Client 1906,,,,,6991.65
Client 1907,,,,,20920.68
Client 1908,,,,16587.03,102498.22
Client 1909,,,,619.32,
Client 191,,,,5256.08,
Client 1910,,,3030.2,,
Client 1911,,,,,146.97
Client 1912,,1496.23,5795.99,,
Client 1913,,,,9661.94,
Client 1914,4071.47,,,,
Client 1915,,,,,12455.52
Client 1916,,,,,8690.33
Client 1917,,,5180.09,,
Client 1918,,,914.85,,
Client 1919,,,,,7147.85
Client 192,,12159.28,27988.41,12761.6,4718.42
Client 1920,,,6217.13,27790.78,46981.03
Client 1921,,,,,7458.22
Client 1922,,,,4994.56,3404.79
Client 1923,,,,228.5,1586.15
Client 1924,,,3352.58,,4644.45
Client 1925,,,,1926.97,
Client 1926,,197.38,,,
Client 1927,,,183.53,,238.57
Client 1928,,,,,2117.24
Client 1929,,,2851.65,,24711.2
Client 193,,2029.24,3593.54,8216.54,20336.54
Client 1930,,,,16240.2,20236.97
Client 1931,,,,,173.42
Client 1932,,,,,3933.29
Client 1933,,,1607.18,,1639.77
Client 1934,,,,,16151.4
Client 1935,,,,,18706.61
Client 1936,,,12000.54,,
Client 1937,,,21046.4,,
Client 1938,8006.49,,,,
Client 1939,,,,,2475.73
Client 194,,8781.9,5528,1914.47,
Client 1940,,,,8541.33,10265.35
Client 1941,,13918.24,34573.04,7885.06,33459.97
Client 1942,,,7456.16,1270.28,1153.84
Client 1943,,,,,138.75
Client 1944,,,,,517.11
Client 1945,,,,,9958.69
Client 1946,262,,,,
Client 1947,,,,170.12,
Client 1948,,,,,1835.72
Client 1949,,,1427.34,,
Client 195,,,,2435.02,1748.76
Client 1950,,,,3011.98,
Client 1951,,146.37,,,153.52
Client 1952,,,,2851.86,165.33
Client 1953,,,,,3879.81
Client 1954,,,,1616.69,13124.9
Client 1955,,,,,5468.24
Client 1956,,,,17103.48,
Client 1957,,,7473.46,,
Client 1958,,,,177.15,861.11
Client 1959,,2563.72,6106.15,8436.88,
Client 196,,,,4025.46,
Client 1960,,,,,1009.12
Client 1961,,,42087.19,551.63,1985.36
Client 1962,,,,,6342.16
Client 1963,,,,,4689.62
Client 1964,,,,,1855
Client 1965,,,,,237.57
Client 1966,,1119.7,,,
Client 1967,,,,1167.35,
Client 1968,,,,,28865.11
Client 1969,,,,,1264.09
Client 197,,,,,1766.22
Client 1970,,,,8733.56,4363.93
Client 1971,,,,,3558.74
Client 1972,2556.09,169.56,,,
Client 1973,,,,700.25,
Client 1974,,,,3576.13,
Client 1975,,,,11198.81,970.17
Client 1976,,505.42,,,
Client 1977,,,921.89,,
Client 1978,,,385.93,,12414.92
Client 1979,,,,,460.32
Client 198,,,,208.8,
Client 1980,,,5896.65,,
Client 1981,,,,,6099.1
Client 1982,,,,,3565.23
Client 1983,,,,,7305.5
Client 1984,,,7458.77,6199.63,4830.72
Client 1985,,,,3944.3,584.34
Client 1986,,,,,2375.18
Client 1987,,,2015.2,,101.13
Client 1988,,,,,3966.51
Client 1989,,,,18867.28,4364.8
Client 199,,,,34552.06,
Client 1990,,,,,15127.35
Client 1991,,,,,215.36
Client 1992,,,7998.35,,
Client 1993,,,,,23101.5
Client 1994,,,,,3070.74
Client 1995,,,602.56,,
Client 1996,,,,6634.66,
Client 1997,,,,,1778.45
Client 1998,,,,16481.85,48540.54
Client 1999,1801.93,1862.67,,,
Client 2,,,,,416.23
Client 20,,,,,7287.52
Client 200,,,,207.54,
Client 2000,,,,4137.64,
Client 2001,,167.6,,,2176.43
Client 2002,,,,167.57,
Client 2003,,,2184.89,28769.11,10466.27
Client 2004,,,329.21,,83.87
Client 2005,,,,,10806.21
Client 2006,,,,8736.42,
Client 2007,,,2697.15,,
Client 2008,,,,665.98,
Client 2009,,,1487.78,815.11,17366.44
Client 201,,,,4246.56,
Client 2010,,,,173.75,
Client 2011,,,,,891.4
Client 2012,,,,,1708.52
Client 2013,,,,6302.07,10854.67
Client 2014,,10772.25,,,
Client 2015,,,,,27760
Client 2016,,,13692.39,3170.12,13006.12
Client 2017,,6803.02,2666.66,,
Client 2018,,,,184.27,
Client 2019,,,,,2917.82
Client 202,,,,,33.72
Client 2020,,,,,3171.2
Client 2021,,,,,30254.64
Client 2022,,,,,3235.4
Client 2023,,,,,3298.53
Client 2024,,5236.71,,,
Client 2025,,,57.75,,
Client 2026,,,,,20480.57
Client 2027,,,,13241.2,
Client 2028,,,,,3739.07
Client 2029,,,,,15856.31
Client 203,,,,,2244.48
Client 2030,,,,644.72,
Client 2031,,,,,7382
Client 2032,,,,,177.49
Client 2033,,,,12590.09,
Client 2034,,,,2178.33,
Client 2035,,,,,217.36
Client 2036,,,3803.7,288.86,
Client 2037,,,1937.77,677.32,2638.68
Client 2038,,,,,3868.09
Client 2039,,,,,3948.34
Client 204,,,,20178.78,4377.47
Client 2040,,,3032.32,,
Client 2041,,,1594.73,8346.58,30865.27
Client 2042,,,,1692.73,
Client 2043,,,,,35086.23
Client 2044,,,,,6816.72
Client 2045,,,129073.82,48467.64,
Client 2046,,,201.82,,
Client 2047,,,,3677.39,
Client 2048,,,7620.06,,
Client 2049,,,,9947.59,
Client 205,,,,,931.21
Client 2050,,,,2757.54,
Client 2051,,,,468.22,
Client 2052,,1361.41,228.3,,4921.17
Client 2053,,,697.94,3664.95,
Client 2054,,,,,14085.5
Client 2055,,22500,7949.27,1724.68,7461.58
Client 2056,,,,,4309.37
Client 2057,,,9195.94,159.87,887.1
Client 2058,,,,,1332.77
Client 2059,,,277.64,,
Client 206,,,,1967.65,
Client 2060,,,,,49270
Client 2061,,,,,69.66
Client 2062,,4116.04,,,
Client 2063,,,4326.51,,
Client 2064,,,,2263.1,4381.48
Client 2065,,,3568.56,3068.75,
Client 2066,,,,,1696.72
Client 2067,,1614.18,,,
Client 2068,,3159.68,1804.18,,
Client 2069,,,,,7603.65
Client 207,,,,,9999
Client 2070,,,,,695.96
Client 2071,,227.02,,,
Client 2072,,,798.17,,
Client 2073,,,,,157.56
Client 2074,,,,,1283.09
Client 2075,,,,,7022.01
Client 2076,,,,3311.79,
Client 2077,127.19,,,,
Client 2078,,,,,687.42
Client 2079,,,701.09,,
Client 208,,,,,13448.55
Client 2080,,,,,1609.07
Client 2081,,,,,2021.03
Client 2082,,,626.07,,
Client 2083,,,,,4515.71
Client 2084,,,1346.78,,
Client 2085,,,,1209.23,
Client 2086,,,,,9365.57
Client 2087,,,1171.74,,
Client 2088,,,,,313.04
Client 2089,,,283.34,,
Client 209,,,,,5728.29
Client 2090,,,,13406.17,28505.51
Client 2091,,,,219.28,
Client 2092,,209.69,,,
Client 2093,,4455.71,4183.52,28196.4,803.45
Client 2094,,,,,10670.85
Client 2095,,,,700.67,
Client 2096,,,,1534.87,
Client 2097,,,,,418.46
Client 2098,,,,383.13,
Client 2099,,,,,174.22
Client 21,,,,,11999.99
Client 210,,,,,4580.26
Client 2100,,,,,1652.88
Client 2101,,,,,40681.05
Client 2102,98,,,,
Client 2103,2058,,,3034.29,5114.86
Client 2104,,,,,3308.42
Client 2105,,,,,9543.28
Client 2106,,,12587.84,,
Client 2107,,,,,7101.66
Client 2108,,,2995.53,,
Client 2109,,,,,8963.19
Client 211,,,,223.39,
Client 2110,,,,,4683.15
Client 2111,,,,548.39,
Client 2112,,,,,103340.53
Client 2113,,,,,26848.51
Client 2114,,,,,60779.98
Client 2115,,,1947.2,8466.71,
Client 2116,,,,,1802.72
Client 2117,,,167.83,,
Client 2118,,,797.96,,
Client 2119,,,227.11,,
Client 212,,,,,123.16
Client 2120,,,,,8591.25
Client 2121,,55.43,,,
Client 2122,,4909.12,738.37,,20060.26
Client 2123,,6908.89,,,
Client 2124,,,,,7809.34
Client 2125,,,,4852.92,
Client 2126,,,,2051.53,
Client 2127,,,,464.44,
Client 2128,,,1137.17,3515.01,22163.73
Client 2129,,2102.22,,,
Client 213,,,,,72722.26
Client 2130,,6469.25,,,
Client 2131,,,1035.88,,
Client 2132,,,,,697.01
Client 2133,,,5007.95,6630.86,12745.34
Client 2134,,,,,74443.06
Client 2135,,,,,109.37
Client 2136,,,,,26405.6
Client 2137,,,3293.22,22241.71,
Client 2138,,,,,1324.56
Client 2139,,,8067.33,,
Client 214,,,,,534.87
Client 2140,,,5503.45,,
Client 2141,,,2063,,61.35
Client 2142,,,,2145.28,
Client 2143,,,,,6890.39
Client 215,,,,3337.57,
Client 216,,1896.5,3324.47,8073.5,94754.55
Client 217,,,,,24641.36
Client 218,,1095.12,14767.45,,74.42
Client 219,,,,,20615.7
Client 22,,,,,25101.78
Client 220,,,9596.47,,4979.2
Client 221,,,216.47,,
Client 222,,,,427.98,
Client 223,,,,,2501.48
Client 224,,,,6060,26333.96
Client 225,,,,3845.5,1936.93
Client 226,,,,2860.93,8126.31
Client 227,,,,,957.57
Client 228,,,,,3605.88
Client 229,,,,,3042.07
Client 23,,,,,6259.23
Client 230,,,,,1691.5
Client 231,,,,,13737.94
Client 232,,,,,945.41
Client 233,,,24904.88,17088.04,5363.13
Client 234,,,,,4688.99
Client 235,,,,,3501.95
Client 236,,,,,13842.62
Client 237,,,,531.08,
Client 238,,,3645.78,,
Client 239,,,,,2445.15
Client 24,,,,,5103.58
Client 240,,,,,1043.57
Client 241,,,2700,,
Client 242,,,,,864.43
Client 243,,,,,61.98
Client 244,,,,,1008.53
Client 245,,,,188.97,
Client 246,,,,1084.57,
Client 247,,,273.23,,
Client 248,1499.92,1046.96,1514.84,934.65,6182.31
Client 249,,,,,1021.24
Client 25,,,,,10876.11
Client 250,,,,,55.08
Client 251,,5516.96,,,51615.93
Client 252,,,,,152.71
Client 253,,163.19,,,
Client 254,,,,2620.65,
Client 255,,,,2355.5,3039.78
Client 256,,,13077.76,,
Client 257,,,,3662.22,5457.83
Client 258,,,16582.05,13273.85,30547.03
Client 259,,,,,955.94
Client 26,,,,15025.95,
Client 260,,,,,23184.14
Client 261,,,,,18663.94
Client 262,,,71641.95,106775.06,
Client 263,,,,641.95,2459.9
Client 264,5641.39215,,,,
Client 265,,,7773.97,,
Client 266,,15932.76,3763.97,5959.05,3594.04
Client 267,,,,181.11,
Client 268,,,,7579,
Client 269,,,,15960.08,3126.87
Client 27,,,,,7070.88
Client 270,,,,5404.77,774.85
Client 271,,,,3635.9,15947.89
Client 272,,1578.53,,3878.42,
Client 273,,,,,10579.52
Client 274,,,210.17,,
Client 275,,,,,904.42
Client 276,,,2678.6,,
Client 277,1851.97,1231.84,,,
Client 278,,,,822.27,1900.41
Client 279,,,,483.07,
Client 28,,9201.64,,,
Client 280,,,,,1216.15
Client 281,,,,,9208.44
Client 282,,,,,1200.04
Client 283,,,,,328.47
Client 284,,6048.07,,,
Client 285,,,,335.5,90.94
Client 286,,,,1189.41,
Client 287,,,,9568.33,3791.18
Client 288,,,,,1890.99
Client 289,,291.72,,,
Client 29,,,,,5493.8
Client 290,,,,,7651.31
Client 291,,,,27.51,
Client 292,,1831.24,2692.78,4551.4,
Client 293,,1830.12,,,3349.71
Client 294,,68.65,,,
Client 295,,,253.85,,
Client 296,,,,183.46,195.11
Client 297,,,,3301.85,
Client 298,,1382.2,11996.65,12646.58,6790.09
Client 299,,,,7742.81,
Client 3,,,1214.69,,42039.83
Client 30,,,,,16042.16
Client 300,,,7200.16,,
Client 301,,,7691.02,,1881.37
Client 302,,,508.94,,
Client 303,,,,25217.3,
Client 304,,,,,1183.83
Client 305,,,,,1857.05
Client 306,,,,,3733.59
Client 307,,,,,394.18
Client 308,,,,,9484.69
Client 309,,,,27323.7,1320.72
Client 31,,,,,12793.86
Client 310,,6973.84,10926.71,153.96,1759.39
Client 311,,,,84.22,543.68
Client 312,,,,,221.18
Client 313,,,,,809.84
Client 314,,,1432.51,43063.16,32055.23
Client 315,,,,659.8,
Client 316,,,4499.22,16255.61,3021.69
Client 317,,,,1491.47,
Client 318,,,,583.91,2943.82
Client 319,,2475.27,,,
Client 32,,,,,252.51
Client 320,,,,,66212.89
Client 321,,,668.15,,
Client 322,,,,86.56,
Client 323,,17151.1,23744.67,9886.11,10545.34
Client 324,,,,,47417.9
Client 325,,3515.68,,,
Client 326,,,,16526.49,882.76
Client 327,,,,3848.17,
Client 328,,,,3859.24,
Client 329,,,,69726.06,2757.99
Client 33,,,,318.04,
Client 330,,,,,466.3
Client 331,,,,,98.2
Client 332,,,,5302.09,
Client 333,,3679.15,1509.93,,
Client 334,,,2897.78,,
Client 335,,,,,3891.07
Client 336,,,11867.81,,
Client 337,,,5694.31,15365.27,9050.66
Client 338,,,,,233.62
Client 339,,,,,2810.75
Client 34,,,,369.43,313.45
Client 340,,,,2774.84,8911.19
Client 341,,,,175.18,
Client 342,,,,,3046.91
Client 343,,,,15723.64,5720.14
Client 344,,1824.85,,,
Client 345,,,,,15791.48
Client 346,,,284.49,,
Client 347,,,,,3774.11
Client 348,,6356.16,,9922.88,
Client 349,,,,,86.14
Client 35,,,,,351.68
Client 350,,,,,222681.3
Client 351,,,,10277.62,2147.32
Client 352,,150.26,10108.47,469.58,1116.22
Client 353,,,,147.4,1201.56
Client 354,,,,,81275.88
Client 355,,,,,2439.43
Client 356,,,,,6940.51
Client 357,,,,,1976.04
Client 358,,,,,7847.82
Client 359,,,3111.91,,
Client 36,,,,264.12,
Client 360,,,3784.24,9939.7,4412.52
Client 361,,,1895.75,15101.96,14159.67
Client 362,,,12504.49,,6623.42
Client 363,,,,,796.66
Client 364,,,,,98726
Client 365,,,601.61,185.57,
Client 366,,,,14388.4,21084.58
Client 367,,,,,2776.9
Client 368,,,,7882.8,18935.93
Client 369,,,,,5573.93
Client 37,,,,,3643.24
Client 370,1980.92,1866.57,,,
Client 371,,,,,6552.83
Client 372,,,,24077.81,
Client 373,,1410.43,,,
Client 374,,,,,709.18
Client 375,,,11942.57,673.61,748.64
Client 376,,,2910.59,,
Client 377,,,,,37129.18
Client 378,,625.75,,,
Client 379,,,,,6293.61
Client 38,,,,833.09,573.33
Client 380,,,,7925.46,160.14
Client 381,,5681.06,,,
Client 382,,,,,3210.1
Client 383,,,,,2427.06
Client 384,,,,1679.89,4788.37
Client 385,,,,,207.91
Client 386,,,11730,408.98,2702.98
Client 387,,309.21,,,
Client 388,,,115.57,6114.35,448.28
Client 389,,,,,1701.03
Client 39,,3009.22,25868.22,2087.62,40962.7
Client 390,,,,,8501.84
Client 391,,,,,660.58
Client 392,,,,,4177.77
Client 393,,4901.16,8517.29,,
Client 394,,3035.89,3047.84,,3337.68
Client 395,,,,,70989.81
Client 396,,,,2645.14,
Client 397,,,4419.49,5437.85,
Client 398,,,,5299,9818.43
Client 399,,,,,5934.63
Client 4,,,,3480.09,54943.63
Client 40,,,,,2014.41
Client 400,,183.53,,,
Client 401,,,,,27017.42
Client 402,,,5240.48,468.92,
Client 403,,,1860.62,21358.87,155643.63
Client 404,,,42.45,,
Client 405,,,,,803.77
Client 406,,,,,2099.48
Client 407,,,,3929.44,
Client 408,,7997.42,,,
Client 409,,,1376.58,,
Client 41,,,,1211.4,
Client 410,,,,,119375.95
Client 411,,,150.47,,
Client 412,,,,19082.7,96519.76
Client 413,,,,,13634.26
Client 414,,,,,35.83
Client 415,,572.23,,,
Client 416,,,,,1986.78
Client 417,,,,,42663.87
Client 418,,1927.57,,,
Client 419,,,1057.58,1676.58,1586.32
Client 42,,,,,105.07
Client 420,,,344.24,8750.16,
Client 421,,,,1288.78,
Client 422,,,,,5894.92
Client 423,,,,63008.06,19897.68
Client 424,,,57173.34,21917.68,
Client 425,,,919.51,,
Client 426,,8581.07,8699.76,,
Client 427,,,14008.39,,
Client 428,,,,,4532.77
Client 429,,201.57,,,
Client 43,,,,15348.55,895.45
Client 430,,,,,1395.58
Client 431,,,,,3181.38
Client 432,,,4044.7,,
Client 433,,,,,213149.84
Client 434,,,958.33,,37369.11
Client 435,,,,10134.36,420.06
Client 436,,1173.08,,,
Client 437,,,221.56,,
Client 438,,,,16562.82,32961.34
Client 439,,,,,642.88
Client 44,,,,3984.82,
Client 440,,,,9614.96,
Client 441,,,265.08,,
Client 442,,,241.63,,
Client 443,,,5479.22,12335.26,49635.01
Client 444,,,1668.28,,
Client 445,,,,,808.38
Client 446,,,1783.57,,
Client 447,,,,,2761.31
Client 448,,29328.98,60244.67,,
Client 449,,,6653.44,439.39,
Client 45,,,176.33,,
Client 450,,,,,2051.98
Client 451,,,,748.75,
Client 452,,,323.38,,
Client 453,,,,,15290.34
Client 454,,30744.53,32097.14,25347.65,14733.53
Client 455,,,,1475.7,
Client 456,,,,175.25,
Client 457,,,,3583.07,9658.22
Client 458,,,,918.55,4773.9
Client 459,,,,7030.01,23653.16
Client 46,,,,,296.21
Client 460,,,722.85,,
Client 461,,,,,62494.08
Client 462,,,,,2822.24
Client 463,,,,,155.43
Client 464,,,2444.25,3136.66,3100.17
Client 465,,,,395.84,
Client 466,,,,,51161.81
Client 467,,,,,4377.53
Client 468,,,,10442.28,1831.16
Client 469,,,,1239.81,326701.39
Client 47,,,,,235.34
Client 470,,,,,4959.26
Client 471,,1343.07,3660.06,8710.95,233.75
Client 472,,,,,113.27
Client 473,,,,,142.62
Client 474,,,1175.54,49.35,
Client 475,,,,,550.04
Client 476,,,,7717.5,
Client 477,,,3097.86,3335.64,8503.81
Client 478,,,,3431.1,
Client 479,,,,164.32,
Client 48,,163.21,,,
Client 480,,,,,5122.16
Client 481,,,4048.92,,265.95
Client 482,,,,6584.62,12434.57
Client 483,,,,13217.56,
Client 484,,,,,6449.85
Client 485,,,,,11045.65
Client 486,,,,2537.08,
Client 487,,,,,11338.36
Client 488,,,,,2101.59
Client 489,,,680.25,,
Client 49,,,,2117.61,
Client 490,,,,,310.65
Client 491,,,,,122.69
Client 492,,,,,4702.87
Client 493,,,,,509.01
Client 494,,,,8768.33,
Client 495,,,816,,
Client 496,,,,,39.79
Client 497,,,,,5480.88
Client 498,,,3184.91,,
Client 499,,,,,4555.13
Client 5,,,,,14538.8
Client 50,,8093.8,3466.44,12895.83,
Client 500,,,,,4679.57
Client 501,,,233.06,689.81,
Client 502,,99.97,,,
Client 503,,,,,3712.66
Client 504,,,,,414.68
Client 505,,,,,18865.02
Client 506,,,,,246.79
Client 507,,,,,2126.88
Client 508,,,,6594.71,3323.43
Client 509,,,1149.47,,1483.34
Client 51,,,,7576.42,7554.33
Client 510,,,1717.4,,
Client 511,,,,482.79,
Client 512,,,,,4819.91
Client 513,,,129.7,3211.66,
Client 514,,,21958.37,,
Client 515,,,,,4200.56
Client 516,,,,,652.26
Client 517,,,,6178.22,2034.45
Client 518,,,,,4827.9
Client 519,,679.95,,,
Client 52,,,,,4055.79
Client 520,2545.74,450.38,,,
Client 521,,,1168.72,,
Client 522,,,,2678.76,
Client 523,,,,,9505.2
Client 524,,,,,19229.98
Client 525,,,,,2305.21
Client 526,,,,7146.33,9853.66
Client 527,,,1013.44,,
Client 528,,,,5388.38,32370.73
Client 529,,,,51095.81,
Client 53,,,9080.72,,
Client 530,,,,,2769.2
Client 531,,,,,2265.36
Client 532,,,,6436.19,
Client 533,,,,,8768.52
Client 534,,,,,3775.18
Client 535,,,,,162.64
Client 536,,,393.11,,
Client 537,,,,,27401.54
Client 538,,,,,994.98
Client 539,,,,,2472
Client 54,,,,66054.09,55504.16
Client 540,,22490.82,5748.04,,
Client 541,,,1563.64,1641.27,
Client 542,,,,,5360.11
Client 543,,,,,4158.57
Client 544,,,,,163630.32
Client 545,,,,,3930.22
Client 546,,,173.52,,
Client 547,,,2319.84,,
Client 548,,,21168.77,7863.84,200.34
Client 549,,,2992.52,,
Client 55,,,,4313.07,
Client 550,,,,5415.19,3401.09
Client 551,,,,,188.17
Client 552,,,,,19348.49
Client 553,,,,,1889.23
Client 554,,1805.16,2695.69,16740.86,3798.46
Client 555,,,203.07,,
Client 556,,,,5229.99,4951.74
Client 557,,,,5142.45,
Client 558,,,,,1946.19
Client 559,,,956.79,,
Client 56,,,,,3213.04
Client 560,,,,1053.63,657.1
Client 561,,1619.15,,,
Client 562,,,,,179.99
Client 563,,,,1572.9,
Client 564,,,,1244.27,
Client 565,,,,4636.6,
Client 566,,4285.27,,,
Client 567,,,,1188.36,480.33
Client 568,,,,,67.81
Client 569,,,,7335.8,65937.25
Client 57,,,,,2935.79
Client 570,,,,,1201.81
Client 571,,,,2397.19,
Client 572,,,4609.43,5097.62,
Client 573,,,,,4024.54
Client 574,,,31488.43,25297.27,9950.88
Client 575,,,,,99065.66
Client 576,,,,,5677.46
Client 577,,,,39542.27,
Client 578,,5176,2761.42,135.33,
Client 579,,64.2,,,
Client 58,,,,,57943.96
Client 580,,,,,144.56
Client 581,,,20950.54,,15909.2
Client 582,,,,51.93,
Client 583,,,,,6832.87
Client 584,,,,,23525.08
Client 585,,,,,1776.27
Client 586,,,13907.32,,
Client 587,,1456.34,,,
Client 588,,516.33,6087.02,272.85,
Client 589,,,,,336.76
Client 59,,30768.96,5351.95,,
Client 590,,,8697.03,2036.5,7119.18
Client 591,,,166.61,,
Client 592,,,,,11675.63
Client 593,,,,,429.99
Client 594,,,,,3331.54
Client 595,,117.37,,,
Client 596,,,11538.1,137794.14,31610.22
Client 597,,,331.49,,
Client 598,,,590.44,,
Client 599,,,1377.1,,
Client 6,,,913.64,,
Client 60,,,,,77.75
Client 600,,177.42,,,31045.72
Client 601,,,,4756.48,
Client 602,,,804.77,,
Client 603,,1608.62,,,
Client 604,,,,,3437.88
Client 605,,,,5787.14,
Client 606,,,436.83,1264.07,
Client 607,,227.98,7411.83,,19230.28
Client 608,,,,6904.57,
Client 609,,,,734.52,
Client 61,,,,238.2,
Client 610,,,,11824.45,4147.49
Client 611,,,,879.21,
Client 612,,,713.69,2411.75,1986.19
Client 613,,,,,64226.56
Client 614,,,203.1,,
Client 615,,,4872.3,,
Client 616,,,7817.81,9651.09,
Client 617,,,24108.15,578.21,
Client 618,,,,,1760.82
Client 619,,,,,5489.52
Client 62,,,,952.05,
Client 620,,,,,2012.78
Client 621,,,,,1692.15
Client 622,,12611.34,420.24,300.33,
Client 623,,1933.09,,,
Client 624,,,,,105.33
Client 625,,,,,2554.76
Client 626,,5169.45,,,
Client 627,,,1191,,
Client 628,,,,727.94,
Client 629,,,,,9928.41
Client 63,,4922.16,1920.38,,22956.56
Client 630,,,,18169.31,
Client 631,,,1533.03,,
Client 632,,,,1600.88,
Client 633,,,,467.84,
Client 634,,,1758.97,4347.55,266.74
Client 635,,,10243.03,,
Client 636,,,1673.21,,
Client 637,,,,3136.52,
Client 638,,1347.14,,,
Client 639,,218.9,,,
Client 64,,,,,625.06
Client 640,,,,11615.46,
Client 641,,,,,512.26
Client 642,,,325.93,,
Client 643,,,,472.1,1327.14
Client 644,,,,,9672.6
Client 645,,,,,838.06
Client 646,,2858.98,,,
Client 647,,,,5726.17,44593.95
Client 648,,,,,2636.58
Client 649,,,,,3765.51
Client 65,,,,9139.88,5540.3
Client 650,,,,2298.75,
Client 651,,,,2296.89,
Client 652,,627.19,6216.57,105100.75,101020.98
Client 653,,,,,515.72
Client 654,,,1940.81,,
Client 655,,,,,883.54
Client 656,,,,1358.39,1002.55
Client 657,,,,,1767.55
Client 658,,,,,5809.33
Client 659,,,,,6942.92
Client 66,,,422.11,,
Client 660,,,,,19817.08
Client 661,,,,,35655.68
Client 662,,,27111.19,2048.09,
Client 663,,,,2718.26,
Client 664,2992.9,,,845.42,
Client 665,,,,,1425.67
Client 666,,,,,2503.16
Client 667,,,,,3227.03
Client 668,,,,,65.47
Client 669,,,,,1006.53
Client 67,,159.35,,1415.13,140.03
Client 670,,,2324.1,,
Client 671,,,,351.54,
Client 672,,,,,6174.4
Client 673,,,,,11747.91
Client 674,,163.49,,,
Client 675,,,3036.5,,
Client 676,,,,,1292.13
Client 677,,,,462.83,
Client 678,,,,2431.81,
Client 679,,627.35,,,
Client 68,,,,,28282.25
Client 680,,,,,144.79
Client 681,,,,,1774.17
Client 682,,2636.3,,35891.7,
Client 683,,,,,10107.46
Client 684,,,,1443.65,
Client 685,,,9145.98,,
Client 686,122.76,,7387.6,12884.97,10508.43
Client 687,,,,2761.32,
Client 688,,,,7505.39,
Client 689,,,,225.31,50162.79
Client 69,,,,,2104.42
Client 690,,,,,968.96
Client 691,,,,,6108.38
Client 692,,,,,8186
Client 693,,2393.9,21070.52,9140.29,10511.04
Client 694,,,,,324.22
Client 695,,19776.47,,536.44,
Client 696,,,,,15470.13
Client 697,,,12191.58,994.74,
Client 698,,,,11612.06,74502.09
Client 699,,12889.9,57773.6,72360.31,20817.85
Client 7,,,394.68,2386.67,
Client 70,,,,,5560.82
Client 700,,,2356.56,,
Client 701,,,,,213.09
Client 702,,,,,10007.93
Client 703,,,,,3174.37
Client 704,,,,,6117.82
Client 705,,,,,3921.22
Client 706,,,,163.54,
Client 707,,,,,18542.18
Client 708,,,,7216.56,1466.1
Client 709,,,,,7787.34
Client 71,,,,,3386.73
Client 710,,,,5199.27,55761.66
Client 711,,,,,68179.24
Client 712,,,,,7008.73
Client 713,,,,4097.26,8510.28
Client 714,,,,,742.44
Client 715,,,600.79,,
Client 716,,,,3522.04,
Client 717,,,,166.66,224.38
Client 718,,14129.68,23711.35,210.46,
Client 719,,1724.45,,,
Client 72,,,,138.37,1035.07
Client 720,,,3774.46,,
Client 721,,,920.1,,
Client 722,,,,489.81,
Client 723,,,218.24,,
Client 724,,,,6552.77,130.91
Client 725,,,259.73,485.34,3406.81
Client 726,,,,,6841.18
Client 727,,,,,6642.52
Client 728,,5377.28,283.32,,
Client 729,,,,14808.48,3661.04
Client 73,,4824.03,19497.17,5616.85,29016.03
Client 730,,,,,224.6
Client 731,,,,,1663.32
Client 732,3566.38,,,,
Client 733,,,11809.39,41349.61,3254.77
Client 734,,,,733.58,
Client 735,17039.282,,,,
Client 736,,,,3465.34,8443.08
Client 737,,,,198.66,
Client 738,,,3910.86,22972.92,45440.01
Client 739,,,,,222.38
Client 74,,9465.92,,,
Client 740,,,,,1753.98
Client 741,,,,,8205.78
Client 742,,,,15409.4,560.44
Client 743,,249.78,,,
Client 744,,,,,103.98
Client 745,,,,,2614.07
Client 746,,,,,2696.1
Client 747,,,,626.52,
Client 748,,,,,1821.97
Client 749,,,,,1672.29
Client 75,,,,108.79,
Client 750,,,165,,
Client 751,,,,114.8,
Client 752,,5284.75,,,
Client 753,,,,,9625.32
Client 754,,14612.2,19516.29,179213.85,91140.71
Client 755,,,,,31416.24
Client 756,,,,,4813.24
Client 757,,,,,7597.86
Client 758,,,,2343.83,
Client 759,,,,4336.15,
Client 76,,,,,14492.87
Client 760,,,,,1674.59
Client 761,,,,32707.74,73315.61
Client 762,,,154,,
Client 763,,,,,25168.56
Client 764,,,168712.04,155233.76,55627.97
Client 765,,,,,12716.22
Client 766,,,,,10857.25
Client 767,,,,,27550.98
Client 768,,,14839.51,2681.74,
Client 769,,,4725.24,65.83,
Client 77,,,,2624.09,
Client 770,,,525.09,,
Client 771,,,,,15977.92
Client 772,,,,,624.89
Client 773,,,716.34,12275.14,4039.5
Client 774,,5089.28,,,
Client 775,,,,,1327.53
Client 776,,,98632.88,22382.73,4979.19
Client 777,,,,,23289.28
Client 778,1863.48,,1127.6,,
Client 779,,,,,3060.11
Client 78,,,,1847.53,
Client 780,,,3022.52,,
Client 781,11943.42,25795.881,28227.18,5146.29,9219.35
Client 782,,,,,4174.18
Client 783,,,,,187.22
Client 784,,,2977.23,,
Client 785,,,,,80360.28
Client 786,,,,,14817.85
Client 787,,,1492.01,,
Client 788,,,,10361.56,
Client 789,,,,1855.31,
Client 79,,,,,4719.79
Client 790,,,,,3548.5
Client 791,,,,167.99,
Client 792,,,,895.23,
Client 793,,,,336.55,
Client 794,,,,3741.92,8386.08
Client 795,,,,,4705.34
Client 796,,,3363.94,,
Client 797,,,1732.86,,
Client 798,,,3031.94,62.97,340.28
Client 799,,,10947.96,,
Client 8,,,,2131.19,
Client 80,,,,,2002.77
Client 800,,,,,1279.04
Client 801,,,,4068.58,
Client 802,,,,9373.04,545.14
Client 803,,529.57,,,
Client 804,,,16875.78,,
Client 805,,,,,2855.93
Client 806,,,,3919.09,2241.7
Client 807,,,17911.12,,1661.25
Client 808,,999.97,20730.95,,
Client 809,,1834.56,34558.6,513.8,7671.76
Client 81,,,,165.72,
Client 810,,,,,1211.15
Client 811,,,1231.25,,
Client 812,,,,1886.96,715.01
Client 813,,,,1308.45,
Client 814,,,,15687.32,31703.81
Client 815,1366.34,7954.99,20986.14,210.64,5569.7
Client 816,,,,,1342.84
Client 817,,,,20783.86,2729.18
Client 818,,,,3335.17,
Client 819,,,5494.23,694.76,
Client 82,,,,,875.78
Client 820,,,,,4644.62
Client 821,,10102.99,,,
Client 822,,,,,2027.75
Client 823,,908.97,352.37,1041.61,1366.05
Client 824,,,,158.9,
Client 825,,,6973.94,6087.26,648.16
Client 826,,,,1159.28,
Client 827,,,2298.63,,
Client 828,2458.11,14440.09,,,
Client 829,16726.32,,,,
Client 83,,,,,510.41
Client 830,,,,226.31,
Client 831,,,,12643.5,6093.46
Client 832,,,,27997.98,
Client 833,,2385.16,17425.82,,
Client 834,,,2109.79,,29365
Client 835,,,51830.6,15458.81,129540.49
Client 836,,627.92,,1076.99,
Client 837,,,,33345.83,5111.81
Client 838,,,,69576.95,6854.39
Client 839,,,897.29,,265.02
Client 84,,,,,180.01
Client 840,,,6361.49,30948.74,5645.06
Client 841,,,,,1841.4
Client 842,,,,,2339.91
Client 843,,,,,3196.22
Client 844,,,,1876.71,
Client 845,,,,,2294.96
Client 846,,,,,87.21
Client 847,,4800.57,,,
Client 848,,,1104.88,,
Client 849,,,708.42,11312.43,12931.85
Client 85,,14653.77,,,
Client 850,,,2023.76,1302.67,3880.57
Client 851,,,,,50458.2
Client 852,,,439.86,848.78,
Client 853,,,,,64350.66
Client 854,,,5506.68,11539.63,184.64
Client 855,,,,1838.9,
Client 856,,,,,233.34
Client 857,,,,,56107.31
Client 858,,,1902.1,,
Client 859,,,3314.8,,
Client 86,,,,,81.08
Client 860,,,183.86,,
Client 861,,,,,1743.88
Client 862,,,7067.7,,11357.98
Client 863,,,,,9353.79
Client 864,,,,981.43,
Client 865,,,3261.86,,
Client 866,,,,,414.24
Client 867,,,2782.5,4588.06,
Client 868,,,,,5079.41
Client 869,,,,,67958.75
Client 87,,,,,2639.57
Client 870,,,3465.97,,13654.52
Client 871,,,1064.21,,
Client 872,,,,3197.57,
Client 873,,,,2990.15,
Client 874,,,,,834.61
Client 875,,,486.82,,
Client 876,,,4952.48,,
Client 877,,,,,168.07
Client 878,,,,19591.76,
Client 879,,,,,5296.71
Client 88,104.19,926.89,,,
Client 880,,,,,9756.32
Client 881,,,2665.31,,
Client 882,,,,,77274.18
Client 883,,,,5940.01,
Client 884,,,370.57,419.5,
Client 885,,,,3362.72,
Client 886,,,,,149610.86
Client 887,,,,,8572.17
Client 888,,,236.07,,
Client 889,801.83,5813.52,3348.15,32198.91,22456.85
Client 89,,,,,4418.54
Client 890,,,,,4013.06
Client 891,,,,7893.88,609.36
Client 892,,,,,7135.51
Client 893,,,,372.33,134.36
Client 894,,,,,730.28
Client 895,,,,,751.03
Client 896,,,,71776.84,37786.6
Client 897,,,,,62635.57
Client 898,,,,1220.04,2643.21
Client 899,,,4065.67,,
Client 9,,,1065.69,,
Client 90,,,21067.4,,
Client 900,578.88,,,,
Client 901,,,6605.87,3572.83,
Client 902,,704.3,,,
Client 903,,,,,1404.57
Client 904,,,684.52,137.04,
Client 905,,,,,3258.23
Client 906,,237.05,467.22,,
Client 907,,,2250,879.4,495.48
Client 908,,,,6160.8,4326.41
Client 909,,,,,85695.59
Client 91,,,,,223.19
Client 910,,,,,3026.84
Client 911,,,,5676.42,
Client 912,,,2829.95,,3777.92
Client 913,,,,56099.24,127.52
Client 914,,,,,5563.34
Client 915,,5067.35,3094.32,,
Client 916,,313.01,,,
Client 917,,,2059.67,,
Client 918,,,,,942.05
Client 919,,,,24410.61,
Client 92,,,62.6,37477.82,
Client 920,,,,20152.46,10264.78
Client 921,,,,,642.65
Client 922,,,,3227.23,
Client 923,,,,,176.82
Client 924,,,,,4113.85
Client 925,,,,1435.41,
Client 926,,,,,4515.44
Client 927,,,,886.45,
Client 928,,,,,1472.99
Client 929,,,,,2810.35
Client 93,,,,5878.88,42698.61
Client 930,,,,43.58,
Client 931,,,,,12378.71
Client 932,,,,1675.61,788.94
Client 933,,,,,4588.02
Client 934,,,,,9106.82
Client 935,,,,,238.77
Client 936,,,,236.55,
Client 937,,,,,4.63
Client 938,,,,,438.93
Client 939,,,2408.55,,
Client 94,,,,,519.51
Client 940,,,,3743.23,
Client 941,,,,,924.4
Client 942,,,,,529.44
Client 943,,,,,1006.32
Client 944,,,67.74,,
Client 945,,,,8824.35,33599.09
Client 946,,,,26879.31,1880.56
Client 947,,,,,185.78
Client 948,,,,19898.45,2458
Client 949,,,,1195.27,191.01
Client 95,,,378.73,690.07,979.35
Client 950,,,,7565.02,19148.89
Client 951,,,,,20839.04
Client 952,,,2251.71,2389.39,
Client 953,,,62.25,,
Client 954,,,,,9267.01
Client 955,,,,,117.1
Client 956,,,,,5381.73
Client 957,,,,,2944.74
Client 958,,,,12375.29,1995.2
Client 959,,,,,29261.53
Client 96,,,,,4528.35
Client 960,,,,10713.8,
Client 961,,208.09,238.63,,67.12
Client 962,,,,1401.05,1751.64
Client 963,,,304.82,,
Client 964,,292.23,,470.25,
Client 965,,,,,2986.58
Client 966,,,947.69,933.77,
Client 967,,,,14537.65,
Client 968,,,4397.02,945.91,2400.73
Client 969,,,,,7063.3
Client 97,,,,,49293.1
Client 970,,,,1988.91,21518.92
Client 971,,,,,6919.21
Client 972,,,,151.88,814.48
Client 973,,,5957.16,3116.43,
Client 974,,,,4619.29,
Client 975,,,5283.73,1792.33,
Client 976,,,,11717.63,9446.15
Client 977,,,,1106.3,
Client 978,,,,,3871.22
Client 979,,,,11396.87,117317.13
Client 98,,,,,4767.81
Client 980,849.22,,,,
Client 981,,,,,828.93
Client 982,,,376.71,26.04,
Client 983,,,5245.18,43323.21,52959.42
Client 984,,,,229.91,663.55
Client 985,,,,,127.24
Client 986,,,,,324.47
Client 987,,,,,4612.06
Client 988,,,,,9017.93
Client 989,,3471.992,1198.05,150.19,25523.4
Client 99,,,34137.5,41314.9,175427.13
Client 990,,181.04,,,
Client 991,,,,9551.9,7080.92
Client 992,,,,,16533.12
Client 993,,,,917.17,
Client 994,,,,,5410.81
Client 995,,,,2614,1698.87
Client 996,,,,1340.1,
Client 997,,,,,2122.42
Client 998,,,,,331.78
Client 999,,,,,24044.02
